Participant_x,Participant_y,Left,Right
6,12,12,6
2,11,2,11
3,12,3,12
2,10,10,2
2,5,5,2
7,10,7,10
2,7,2,7
7,12,7,12
7,13,13,7
1,9,1,9
10,12,10,12
5,9,9,5
6,11,11,6
10,11,11,10
1,2,1,2
2,13,13,2
5,11,5,11
2,3,3,2
5,10,10,5
12,13,12,13
5,13,13,5
1,12,1,12
1,6,6,1
4,7,4,7
6,10,6,10
3,6,3,6
4,6,4,6
3,4,4,3
3,13,3,13
7,11,7,11
9,12,9,12
9,13,9,13
9,11,11,9
6,13,6,13
6,7,7,6
3,7,3,7
11,13,11,13
5,7,5,7
5,6,6,5
7,9,9,7
1,10,1,10
2,12,2,12
4,9,4,9
6,9,6,9
4,10,10,4
1,3,1,3
4,12,12,4
2,6,2,6
4,11,11,4
1,4,4,1
3,5,5,3
2,4,2,4
3,9,9,3
1,7,7,1
1,11,11,1
10,13,13,10
1,5,5,1
4,13,13,4
2,9,2,9
1,13,1,13
11,12,12,11
3,10,10,3
5,12,12,5
9,10,9,10
3,11,3,11
4,5,5,4
