Participant_x,Participant_y,HeartBeat
6,7,6
1,9,9
1,5,5
2,5,5
2,13,13
1,6,1
3,9,9
4,6,4
5,12,12
1,7,1
1,3,3
10,11,11
5,6,5
9,11,11
1,4,4
5,7,5
4,11,4
2,3,3
3,7,7
6,9,9
5,9,9
10,13,10
2,9,9
3,10,3
10,12,10
7,11,7
4,13,4
2,10,2
5,13,5
12,13,12
7,9,9
5,11,11
1,10,1
3,12,12
9,12,12
2,12,2
7,10,10
1,2,2
6,13,6
2,7,7
1,11,1
3,13,13
11,13,11
4,5,4
1,13,13
3,5,3
1,12,1
4,9,4
11,12,11
2,4,2
6,12,12
6,10,6
5,10,5
2,6,6
6,11,6
4,12,12
2,11,2
7,12,7
7,13,13
9,13,13
4,7,7
3,11,3
3,4,3
9,10,10
4,10,10
3,6,6
